league_id,league_name,week,matchup_id,roster_id,display_name,points
1252802326628933632,League 1,1,5.0,1,Calcarro,117.12
1252802326628933632,League 1,1,3.0,2,garrettmowery,113.32
1252802326628933632,League 1,1,6.0,3,Ouriginal,102.32
1252802326628933632,League 1,1,4.0,4,pattycan,120.56
1252802326628933632,League 1,1,2.0,5,declancarroll,90.74
1252802326628933632,League 1,1,6.0,6,kingcarrillo,104.18
1252802326628933632,League 1,1,1.0,7,NotKool,150.26
1252802326628933632,League 1,1,3.0,8,Shnickel,93.22
1252802326628933632,League 1,1,2.0,9,HurricaneEich,123.38
1252802326628933632,League 1,1,1.0,10,arturowong,114.82
1252802326628933632,League 1,1,4.0,11,ChexMixChester,106.0
1252802326628933632,League 1,1,5.0,12,Vishiga,100.42
1252802326628933632,League 1,2,6.0,1,Calcarro,103.88
1252802326628933632,League 1,2,3.0,2,garrettmowery,101.78
1252802326628933632,League 1,2,5.0,3,Ouriginal,101.6
1252802326628933632,League 1,2,4.0,4,pattycan,138.3
1252802326628933632,League 1,2,1.0,5,declancarroll,123.72
1252802326628933632,League 1,2,6.0,6,kingcarrillo,117.5
1252802326628933632,League 1,2,1.0,7,NotKool,135.52
1252802326628933632,League 1,2,4.0,8,Shnickel,112.7
1252802326628933632,League 1,2,2.0,9,HurricaneEich,118.84
1252802326628933632,League 1,2,2.0,10,arturowong,116.18
1252802326628933632,League 1,2,3.0,11,ChexMixChester,138.96
1252802326628933632,League 1,2,5.0,12,Vishiga,96.34
1252802326628933632,League 1,3,6.0,1,Calcarro,143.1
1252802326628933632,League 1,3,3.0,2,garrettmowery,138.36
1252802326628933632,League 1,3,6.0,3,Ouriginal,79.06
1252802326628933632,League 1,3,3.0,4,pattycan,99.02
1252802326628933632,League 1,3,2.0,5,declancarroll,89.22
1252802326628933632,League 1,3,5.0,6,kingcarrillo,123.62
1252802326628933632,League 1,3,1.0,7,NotKool,84.62
1252802326628933632,League 1,3,4.0,8,Shnickel,101.02
1252802326628933632,League 1,3,1.0,9,HurricaneEich,123.44
1252802326628933632,League 1,3,2.0,10,arturowong,110.74
1252802326628933632,League 1,3,4.0,11,ChexMixChester,109.88
1252802326628933632,League 1,3,5.0,12,Vishiga,136.42
1252802326628933632,League 1,4,4.0,1,Calcarro,121.52
1252802326628933632,League 1,4,1.0,2,garrettmowery,112.4
1252802326628933632,League 1,4,5.0,3,Ouriginal,109.3
1252802326628933632,League 1,4,6.0,4,pattycan,100.28
1252802326628933632,League 1,4,3.0,5,declancarroll,104.84
1252802326628933632,League 1,4,6.0,6,kingcarrillo,152.26
1252802326628933632,League 1,4,1.0,7,NotKool,104.26
1252802326628933632,League 1,4,2.0,8,Shnickel,91.58
1252802326628933632,League 1,4,4.0,9,HurricaneEich,131.5
1252802326628933632,League 1,4,2.0,10,arturowong,96.3
1252802326628933632,League 1,4,5.0,11,ChexMixChester,142.42
1252802326628933632,League 1,4,3.0,12,Vishiga,117.88
1252802326628933632,League 1,5,3.0,1,Calcarro,129.94
1252802326628933632,League 1,5,2.0,2,garrettmowery,133.32
1252802326628933632,League 1,5,6.0,3,Ouriginal,111.7
1252802326628933632,League 1,5,6.0,4,pattycan,102.72
1252802326628933632,League 1,5,3.0,5,declancarroll,126.78
1252802326628933632,League 1,5,5.0,6,kingcarrillo,114.46
1252802326628933632,League 1,5,1.0,7,NotKool,138.28
1252802326628933632,League 1,5,1.0,8,Shnickel,121.74
1252802326628933632,League 1,5,4.0,9,HurricaneEich,127.8
1252802326628933632,League 1,5,2.0,10,arturowong,104.72
1252802326628933632,League 1,5,5.0,11,ChexMixChester,123.52
1252802326628933632,League 1,5,4.0,12,Vishiga,127.18
1252802326628933632,League 1,6,6.0,1,Calcarro,97.66
1252802326628933632,League 1,6,5.0,2,garrettmowery,114.98
1252802326628933632,League 1,6,3.0,3,Ouriginal,80.32
1252802326628933632,League 1,6,2.0,4,pattycan,128.64
1252802326628933632,League 1,6,3.0,5,declancarroll,88.96
1252802326628933632,League 1,6,4.0,6,kingcarrillo,106.7
1252802326628933632,League 1,6,1.0,7,NotKool,155.74
1252802326628933632,League 1,6,6.0,8,Shnickel,122.74
1252802326628933632,League 1,6,4.0,9,HurricaneEich,113.12
1252802326628933632,League 1,6,2.0,10,arturowong,170.0
1252802326628933632,League 1,6,1.0,11,ChexMixChester,74.52
1252802326628933632,League 1,6,5.0,12,Vishiga,133.88
1252802326628933632,League 1,7,5.0,1,Calcarro,124.9
1252802326628933632,League 1,7,5.0,2,garrettmowery,156.54
1252802326628933632,League 1,7,4.0,3,Ouriginal,95.18
1252802326628933632,League 1,7,1.0,4,pattycan,117.68
1252802326628933632,League 1,7,3.0,5,declancarroll,142.06
1252802326628933632,League 1,7,3.0,6,kingcarrillo,71.52
1252802326628933632,League 1,7,1.0,7,NotKool,135.56
1252802326628933632,League 1,7,6.0,8,Shnickel,118.44
1252802326628933632,League 1,7,4.0,9,HurricaneEich,166.64
1252802326628933632,League 1,7,2.0,10,arturowong,116.44
1252802326628933632,League 1,7,2.0,11,ChexMixChester,109.14
1252802326628933632,League 1,7,6.0,12,Vishiga,118.92
1252802326628933632,League 1,8,2.0,1,Calcarro,115.78
1252802326628933632,League 1,8,5.0,2,garrettmowery,98.96
1252802326628933632,League 1,8,5.0,3,Ouriginal,92.62
1252802326628933632,League 1,8,4.0,4,pattycan,164.84
1252802326628933632,League 1,8,3.0,5,declancarroll,152.68
1252802326628933632,League 1,8,6.0,6,kingcarrillo,95.98
1252802326628933632,League 1,8,1.0,7,NotKool,84.62
1252802326628933632,League 1,8,6.0,8,Shnickel,80.7
1252802326628933632,League 1,8,4.0,9,HurricaneEich,112.36
1252802326628933632,League 1,8,2.0,10,arturowong,130.52
1252802326628933632,League 1,8,3.0,11,ChexMixChester,133.16
1252802326628933632,League 1,8,1.0,12,Vishiga,96.28
1252802326628933632,League 1,9,1.0,1,Calcarro,116.7
1252802326628933632,League 1,9,5.0,2,garrettmowery,120.6
1252802326628933632,League 1,9,6.0,3,Ouriginal,78.04
1252802326628933632,League 1,9,3.0,4,pattycan,115.66
1252802326628933632,League 1,9,3.0,5,declancarroll,88.22
1252802326628933632,League 1,9,5.0,6,kingcarrillo,123.2
1252802326628933632,League 1,9,1.0,7,NotKool,107.0
1252802326628933632,League 1,9,6.0,8,Shnickel,131.22
1252802326628933632,League 1,9,4.0,9,HurricaneEich,109.22
1252802326628933632,League 1,9,2.0,10,arturowong,164.42
1252802326628933632,League 1,9,4.0,11,ChexMixChester,110.56
1252802326628933632,League 1,9,2.0,12,Vishiga,109.78
1252802326628933632,League 1,10,6.0,1,Calcarro,175.8
1252802326628933632,League 1,10,3.0,2,garrettmowery,115.62
1252802326628933632,League 1,10,1.0,3,Ouriginal,97.2
1252802326628933632,League 1,10,6.0,4,pattycan,152.34
1252802326628933632,League 1,10,3.0,5,declancarroll,89.2
1252802326628933632,League 1,10,2.0,6,kingcarrillo,149.52
1252802326628933632,League 1,10,1.0,7,NotKool,119.0
1252802326628933632,League 1,10,4.0,8,Shnickel,112.92
1252802326628933632,League 1,10,4.0,9,HurricaneEich,110.12
1252802326628933632,League 1,10,2.0,10,arturowong,95.94
1252802326628933632,League 1,10,5.0,11,ChexMixChester,106.7
1252802326628933632,League 1,10,5.0,12,Vishiga,138.0
1252802326628933632,League 1,11,5.0,1,Calcarro,90.24
1252802326628933632,League 1,11,4.0,2,garrettmowery,167.94
1252802326628933632,League 1,11,2.0,3,Ouriginal,74.5
1252802326628933632,League 1,11,6.0,4,pattycan,92.12
1252802326628933632,League 1,11,3.0,5,declancarroll,71.6
1252802326628933632,League 1,11,1.0,6,kingcarrillo,131.02
1252802326628933632,League 1,11,1.0,7,NotKool,112.12
1252802326628933632,League 1,11,3.0,8,Shnickel,91.1
1252802326628933632,League 1,11,4.0,9,HurricaneEich,90.9
1252802326628933632,League 1,11,2.0,10,arturowong,179.78
1252802326628933632,League 1,11,5.0,11,ChexMixChester,142.7
1252802326628933632,League 1,11,6.0,12,Vishiga,94.06
1252802326628933632,League 1,12,5.0,1,Calcarro,137.28
1252802326628933632,League 1,12,3.0,2,garrettmowery,143.48
1252802326628933632,League 1,12,6.0,3,Ouriginal,91.12
1252802326628933632,League 1,12,4.0,4,pattycan,106.82
1252802326628933632,League 1,12,2.0,5,declancarroll,43.6
1252802326628933632,League 1,12,6.0,6,kingcarrillo,87.44
1252802326628933632,League 1,12,1.0,7,NotKool,95.66
1252802326628933632,League 1,12,3.0,8,Shnickel,105.52
1252802326628933632,League 1,12,2.0,9,HurricaneEich,124.86
1252802326628933632,League 1,12,1.0,10,arturowong,124.32
1252802326628933632,League 1,12,4.0,11,ChexMixChester,142.06
1252802326628933632,League 1,12,5.0,12,Vishiga,103.74
1252802326628933632,League 1,13,6.0,1,Calcarro,93.84
1252802326628933632,League 1,13,3.0,2,garrettmowery,135.84
1252802326628933632,League 1,13,5.0,3,Ouriginal,79.52
1252802326628933632,League 1,13,4.0,4,pattycan,119.14
1252802326628933632,League 1,13,1.0,5,declancarroll,116.04
1252802326628933632,League 1,13,6.0,6,kingcarrillo,132.56
1252802326628933632,League 1,13,1.0,7,NotKool,70.3
1252802326628933632,League 1,13,4.0,8,Shnickel,99.72
1252802326628933632,League 1,13,2.0,9,HurricaneEich,116.6
1252802326628933632,League 1,13,2.0,10,arturowong,126.72
1252802326628933632,League 1,13,3.0,11,ChexMixChester,85.14
1252802326628933632,League 1,13,5.0,12,Vishiga,81.44
1252802326628933632,League 1,14,6.0,1,Calcarro,129.56
1252802326628933632,League 1,14,3.0,2,garrettmowery,105.4
1252802326628933632,League 1,14,6.0,3,Ouriginal,111.34
1252802326628933632,League 1,14,3.0,4,pattycan,97.66
1252802326628933632,League 1,14,2.0,5,declancarroll,105.08
1252802326628933632,League 1,14,5.0,6,kingcarrillo,133.98
1252802326628933632,League 1,14,1.0,7,NotKool,96.14
1252802326628933632,League 1,14,4.0,8,Shnickel,123.44
1252802326628933632,League 1,14,1.0,9,HurricaneEich,91.6
1252802326628933632,League 1,14,2.0,10,arturowong,146.84
1252802326628933632,League 1,14,4.0,11,ChexMixChester,97.26
1252802326628933632,League 1,14,5.0,12,Vishiga,97.76
1252802326628933632,League 1,15,2.0,1,Calcarro,94.5
1252802326628933632,League 1,15,,2,garrettmowery,134.36
1252802326628933632,League 1,15,,3,Ouriginal,100.02
1252802326628933632,League 1,15,4.0,4,pattycan,109.6
1252802326628933632,League 1,15,,5,declancarroll,135.98
1252802326628933632,League 1,15,2.0,6,kingcarrillo,117.18
1252802326628933632,League 1,15,4.0,7,NotKool,88.46
1252802326628933632,League 1,15,5.0,8,Shnickel,116.98
1252802326628933632,League 1,15,1.0,9,HurricaneEich,105.6
1252802326628933632,League 1,15,,10,arturowong,155.22
1252802326628933632,League 1,15,5.0,11,ChexMixChester,169.84
1252802326628933632,League 1,15,1.0,12,Vishiga,130.3
1252802326628933632,League 1,16,3.0,1,Calcarro,111.4
1252802326628933632,League 1,16,1.0,2,garrettmowery,186.1
1252802326628933632,League 1,16,4.0,3,Ouriginal,84.38
1252802326628933632,League 1,16,6.0,4,pattycan,86.84
1252802326628933632,League 1,16,5.0,5,declancarroll,137.48
1252802326628933632,League 1,16,2.0,6,kingcarrillo,180.5
1252802326628933632,League 1,16,4.0,7,NotKool,90.62
1252802326628933632,League 1,16,5.0,8,Shnickel,150.5
1252802326628933632,League 1,16,3.0,9,HurricaneEich,93.7
1252802326628933632,League 1,16,2.0,10,arturowong,143.8
1252802326628933632,League 1,16,6.0,11,ChexMixChester,95.22
1252802326628933632,League 1,16,1.0,12,Vishiga,101.66
1252802326628933632,League 1,17,,1,Calcarro,93.24
1252802326628933632,League 1,17,1.0,2,garrettmowery,156.12
1252802326628933632,League 1,17,4.0,3,Ouriginal,82.96
1252802326628933632,League 1,17,,4,pattycan,76.7
1252802326628933632,League 1,17,4.0,5,declancarroll,130.18
1252802326628933632,League 1,17,1.0,6,kingcarrillo,137.22
1252802326628933632,League 1,17,5.0,7,NotKool,91.22
1252802326628933632,League 1,17,5.0,8,Shnickel,104.1
1252802326628933632,League 1,17,,9,HurricaneEich,104.1
1252802326628933632,League 1,17,2.0,10,arturowong,111.68
1252802326628933632,League 1,17,,11,ChexMixChester,98.48
1252802326628933632,League 1,17,2.0,12,Vishiga,114.4
1256316848832524288,League 2,1,2.0,1,Caseyp12,144.38
1256316848832524288,League 2,1,1.0,2,ZLoftis9,113.02
1256316848832524288,League 2,1,1.0,3,PlayaHaterOTY,115.62
1256316848832524288,League 2,1,4.0,4,Gonzo4537,89.72
1256316848832524288,League 2,1,5.0,5,aIexwright,137.16
1256316848832524288,League 2,1,4.0,6,dbrauer23,117.42
1256316848832524288,League 2,1,5.0,7,Spicymeatball69,106.34
1256316848832524288,League 2,1,3.0,8,YourBeanFriend,110.48
1256316848832524288,League 2,1,2.0,9,NotKool,146.26
1256316848832524288,League 2,1,3.0,10,Nick0M,137.78
1256316848832524288,League 2,2,2.0,1,Caseyp12,115.68
1256316848832524288,League 2,2,1.0,2,ZLoftis9,143.2
1256316848832524288,League 2,2,2.0,3,PlayaHaterOTY,148.0
1256316848832524288,League 2,2,5.0,4,Gonzo4537,140.28
1256316848832524288,League 2,2,5.0,5,aIexwright,131.22
1256316848832524288,League 2,2,3.0,6,dbrauer23,101.74
1256316848832524288,League 2,2,4.0,7,Spicymeatball69,153.58
1256316848832524288,League 2,2,3.0,8,YourBeanFriend,136.34
1256316848832524288,League 2,2,1.0,9,NotKool,136.6
1256316848832524288,League 2,2,4.0,10,Nick0M,124.24
1256316848832524288,League 2,3,1.0,1,Caseyp12,132.42
1256316848832524288,League 2,3,1.0,2,ZLoftis9,135.92
1256316848832524288,League 2,3,2.0,3,PlayaHaterOTY,129.92
1256316848832524288,League 2,3,3.0,4,Gonzo4537,111.76
1256316848832524288,League 2,3,4.0,5,aIexwright,148.02
1256316848832524288,League 2,3,5.0,6,dbrauer23,92.48
1256316848832524288,League 2,3,5.0,7,Spicymeatball69,134.14
1256316848832524288,League 2,3,3.0,8,YourBeanFriend,120.42
1256316848832524288,League 2,3,2.0,9,NotKool,159.62
1256316848832524288,League 2,3,4.0,10,Nick0M,129.14
1256316848832524288,League 2,4,4.0,1,Caseyp12,156.72
1256316848832524288,League 2,4,1.0,2,ZLoftis9,119.18
1256316848832524288,League 2,4,2.0,3,PlayaHaterOTY,114.9
1256316848832524288,League 2,4,5.0,4,Gonzo4537,156.8
1256316848832524288,League 2,4,4.0,5,aIexwright,137.66
1256316848832524288,League 2,4,3.0,6,dbrauer23,109.02
1256316848832524288,League 2,4,5.0,7,Spicymeatball69,134.72
1256316848832524288,League 2,4,1.0,8,YourBeanFriend,147.66
1256316848832524288,League 2,4,3.0,9,NotKool,110.48
1256316848832524288,League 2,4,2.0,10,Nick0M,132.7
1256316848832524288,League 2,5,4.0,1,Caseyp12,163.58
1256316848832524288,League 2,5,1.0,2,ZLoftis9,121.88
1256316848832524288,League 2,5,2.0,3,PlayaHaterOTY,119.56
1256316848832524288,League 2,5,3.0,4,Gonzo4537,137.92
1256316848832524288,League 2,5,5.0,5,aIexwright,148.42
1256316848832524288,League 2,5,5.0,6,dbrauer23,143.32
1256316848832524288,League 2,5,4.0,7,Spicymeatball69,162.22
1256316848832524288,League 2,5,2.0,8,YourBeanFriend,145.22
1256316848832524288,League 2,5,3.0,9,NotKool,87.24
1256316848832524288,League 2,5,1.0,10,Nick0M,139.0
1256316848832524288,League 2,6,4.0,1,Caseyp12,183.84
1256316848832524288,League 2,6,1.0,2,ZLoftis9,151.58
1256316848832524288,League 2,6,2.0,3,PlayaHaterOTY,133.34
1256316848832524288,League 2,6,2.0,4,Gonzo4537,157.38
1256316848832524288,League 2,6,5.0,5,aIexwright,169.82
1256316848832524288,League 2,6,1.0,6,dbrauer23,106.12
1256316848832524288,League 2,6,3.0,7,Spicymeatball69,132.94
1256316848832524288,League 2,6,5.0,8,YourBeanFriend,105.0
1256316848832524288,League 2,6,3.0,9,NotKool,100.34
1256316848832524288,League 2,6,4.0,10,Nick0M,80.12
1256316848832524288,League 2,7,4.0,1,Caseyp12,167.06
1256316848832524288,League 2,7,1.0,2,ZLoftis9,115.88
1256316848832524288,League 2,7,2.0,3,PlayaHaterOTY,119.84
1256316848832524288,League 2,7,1.0,4,Gonzo4537,104.34
1256316848832524288,League 2,7,3.0,5,aIexwright,149.4
1256316848832524288,League 2,7,5.0,6,dbrauer23,106.94
1256316848832524288,League 2,7,2.0,7,Spicymeatball69,150.72
1256316848832524288,League 2,7,4.0,8,YourBeanFriend,140.26
1256316848832524288,League 2,7,3.0,9,NotKool,140.62
1256316848832524288,League 2,7,5.0,10,Nick0M,80.84
1256316848832524288,League 2,8,4.0,1,Caseyp12,84.12
1256316848832524288,League 2,8,1.0,2,ZLoftis9,131.02
1256316848832524288,League 2,8,2.0,3,PlayaHaterOTY,134.52
1256316848832524288,League 2,8,5.0,4,Gonzo4537,92.46
1256316848832524288,League 2,8,2.0,5,aIexwright,105.92
1256316848832524288,League 2,8,4.0,6,dbrauer23,109.6
1256316848832524288,League 2,8,1.0,7,Spicymeatball69,195.94
1256316848832524288,League 2,8,3.0,8,YourBeanFriend,165.08
1256316848832524288,League 2,8,3.0,9,NotKool,139.18
1256316848832524288,League 2,8,5.0,10,Nick0M,153.76
1256316848832524288,League 2,9,4.0,1,Caseyp12,156.5
1256316848832524288,League 2,9,1.0,2,ZLoftis9,119.84
1256316848832524288,League 2,9,2.0,3,PlayaHaterOTY,109.12
1256316848832524288,League 2,9,4.0,4,Gonzo4537,98.5
1256316848832524288,League 2,9,1.0,5,aIexwright,168.02
1256316848832524288,League 2,9,2.0,6,dbrauer23,175.86
1256316848832524288,League 2,9,5.0,7,Spicymeatball69,117.36
1256316848832524288,League 2,9,5.0,8,YourBeanFriend,139.52
1256316848832524288,League 2,9,3.0,9,NotKool,138.76
1256316848832524288,League 2,9,3.0,10,Nick0M,90.3
1256316848832524288,League 2,10,2.0,1,Caseyp12,160.7
1256316848832524288,League 2,10,1.0,2,ZLoftis9,146.68
1256316848832524288,League 2,10,1.0,3,PlayaHaterOTY,131.2
1256316848832524288,League 2,10,4.0,4,Gonzo4537,151.02
1256316848832524288,League 2,10,5.0,5,aIexwright,134.14
1256316848832524288,League 2,10,4.0,6,dbrauer23,112.0
1256316848832524288,League 2,10,5.0,7,Spicymeatball69,179.3
1256316848832524288,League 2,10,3.0,8,YourBeanFriend,122.2
1256316848832524288,League 2,10,2.0,9,NotKool,96.34
1256316848832524288,League 2,10,3.0,10,Nick0M,108.62
1256316848832524288,League 2,11,2.0,1,Caseyp12,193.72
1256316848832524288,League 2,11,1.0,2,ZLoftis9,111.0
1256316848832524288,League 2,11,2.0,3,PlayaHaterOTY,73.1
1256316848832524288,League 2,11,5.0,4,Gonzo4537,148.64
1256316848832524288,League 2,11,5.0,5,aIexwright,174.78
1256316848832524288,League 2,11,3.0,6,dbrauer23,113.7
1256316848832524288,League 2,11,4.0,7,Spicymeatball69,146.64
1256316848832524288,League 2,11,3.0,8,YourBeanFriend,70.46
1256316848832524288,League 2,11,1.0,9,NotKool,94.32
1256316848832524288,League 2,11,4.0,10,Nick0M,141.7
1256316848832524288,League 2,12,1.0,1,Caseyp12,155.66
1256316848832524288,League 2,12,1.0,2,ZLoftis9,135.86
1256316848832524288,League 2,12,2.0,3,PlayaHaterOTY,127.22
1256316848832524288,League 2,12,3.0,4,Gonzo4537,152.58
1256316848832524288,League 2,12,4.0,5,aIexwright,166.32
1256316848832524288,League 2,12,5.0,6,dbrauer23,137.66
1256316848832524288,League 2,12,5.0,7,Spicymeatball69,154.86
1256316848832524288,League 2,12,3.0,8,YourBeanFriend,115.72
1256316848832524288,League 2,12,2.0,9,NotKool,133.52
1256316848832524288,League 2,12,4.0,10,Nick0M,140.46
1256316848832524288,League 2,13,4.0,1,Caseyp12,139.2
1256316848832524288,League 2,13,1.0,2,ZLoftis9,108.16
1256316848832524288,League 2,13,2.0,3,PlayaHaterOTY,96.22
1256316848832524288,League 2,13,5.0,4,Gonzo4537,148.94
1256316848832524288,League 2,13,4.0,5,aIexwright,127.32
1256316848832524288,League 2,13,3.0,6,dbrauer23,123.64
1256316848832524288,League 2,13,5.0,7,Spicymeatball69,130.48
1256316848832524288,League 2,13,1.0,8,YourBeanFriend,92.92
1256316848832524288,League 2,13,3.0,9,NotKool,126.84
1256316848832524288,League 2,13,2.0,10,Nick0M,96.0
1256316848832524288,League 2,14,4.0,1,Caseyp12,138.74
1256316848832524288,League 2,14,1.0,2,ZLoftis9,91.68
1256316848832524288,League 2,14,2.0,3,PlayaHaterOTY,129.74
1256316848832524288,League 2,14,3.0,4,Gonzo4537,101.9
1256316848832524288,League 2,14,5.0,5,aIexwright,182.24
1256316848832524288,League 2,14,5.0,6,dbrauer23,104.36
1256316848832524288,League 2,14,4.0,7,Spicymeatball69,123.28
1256316848832524288,League 2,14,2.0,8,YourBeanFriend,126.76
1256316848832524288,League 2,14,3.0,9,NotKool,126.76
1256316848832524288,League 2,14,1.0,10,Nick0M,138.0
1256316848832524288,League 2,15,,1,Caseyp12,159.36
1256316848832524288,League 2,15,1.0,2,ZLoftis9,101.24
1256316848832524288,League 2,15,5.0,3,PlayaHaterOTY,215.62
1256316848832524288,League 2,15,1.0,4,Gonzo4537,147.16
1256316848832524288,League 2,15,,5,aIexwright,145.72
1256316848832524288,League 2,15,4.0,6,dbrauer23,92.72
1256316848832524288,League 2,15,2.0,7,Spicymeatball69,160.6
1256316848832524288,League 2,15,2.0,8,YourBeanFriend,159.0
1256316848832524288,League 2,15,4.0,9,NotKool,137.28
1256316848832524288,League 2,15,5.0,10,Nick0M,136.5
1256316848832524288,League 2,16,1.0,1,Caseyp12,140.32
1256316848832524288,League 2,16,3.0,2,ZLoftis9,120.32
1256316848832524288,League 2,16,5.0,3,PlayaHaterOTY,149.18
1256316848832524288,League 2,16,1.0,4,Gonzo4537,110.1
1256316848832524288,League 2,16,2.0,5,aIexwright,133.1
1256316848832524288,League 2,16,4.0,6,dbrauer23,115.06
1256316848832524288,League 2,16,2.0,7,Spicymeatball69,159.8
1256316848832524288,League 2,16,3.0,8,YourBeanFriend,135.1
1256316848832524288,League 2,16,5.0,9,NotKool,115.22
1256316848832524288,League 2,16,4.0,10,Nick0M,136.5
1256316848832524288,League 2,17,1.0,1,Caseyp12,161.08
1256316848832524288,League 2,17,,2,ZLoftis9,113.38
1256316848832524288,League 2,17,,3,PlayaHaterOTY,123.9
1256316848832524288,League 2,17,2.0,4,Gonzo4537,113.44
1256316848832524288,League 2,17,2.0,5,aIexwright,143.28
1256316848832524288,League 2,17,,6,dbrauer23,82.08
1256316848832524288,League 2,17,1.0,7,Spicymeatball69,125.34
1256316848832524288,League 2,17,,8,YourBeanFriend,130.92
1256316848832524288,League 2,17,,9,NotKool,101.82
1256316848832524288,League 2,17,,10,Nick0M,94.1
